game_number,p1_last_move,p1_last_2_moves,p1_last_3_moves,p1_rock_freq,p1_paper_freq,p1_scissors_freq,p1_win_streak,p1_loss_streak,p1_last_outcome,p2_last_move,p2_last_2_moves,p2_last_3_moves,p2_rock_freq,p2_paper_freq,p2_scissors_freq,p1_current_move
3,P,RP,RRP,0.6666666666666666,0.3333333333333333,0.0,1,0,win,R,PR,RPR,0.6666666666666666,0.3333333333333333,0.0,S
4,S,PS,RPS,0.5,0.25,0.25,0,0,tie,S,RS,PRS,0.5,0.25,0.25,R
5,R,SR,PSR,0.6,0.2,0.2,1,0,win,S,SS,RSS,0.4,0.2,0.4,P
6,P,RP,SRP,0.5,0.3333333333333333,0.1666666666666666,0,0,tie,P,SP,SSP,0.3333333333333333,0.3333333333333333,0.3333333333333333,R
7,R,PR,RPR,0.5714285714285714,0.2857142857142857,0.1428571428571428,1,0,win,S,PS,SPS,0.2857142857142857,0.2857142857142857,0.4285714285714285,S
8,S,RS,PRS,0.5,0.25,0.25,2,0,win,P,SP,PSP,0.25,0.375,0.375,R
9,R,SR,RSR,0.5555555555555556,0.2222222222222222,0.2222222222222222,3,0,win,S,PS,SPS,0.2222222222222222,0.3333333333333333,0.4444444444444444,S
10,S,RS,SRS,0.5,0.2,0.3,0,1,lose,R,SR,PSR,0.3,0.3,0.4,P
11,P,SP,RSP,0.4,0.3,0.3,0,0,tie,P,RP,SRP,0.2,0.4,0.4,R
12,R,PR,SPR,0.4,0.3,0.3,1,0,win,S,PS,RPS,0.2,0.3,0.5,S
13,S,RS,PRS,0.4,0.2,0.4,0,1,lose,R,SR,PSR,0.2,0.3,0.5,S
14,S,SS,RSS,0.4,0.2,0.4,0,2,lose,R,RR,SRR,0.3,0.3,0.4,P
15,P,SP,SSP,0.3,0.3,0.4,1,0,win,R,RR,RRR,0.4,0.3,0.3,R
16,R,PR,SPR,0.4,0.2,0.4,0,0,tie,R,RR,RRR,0.5,0.2,0.3,S
17,S,RS,PRS,0.3,0.2,0.5,0,1,lose,R,RR,RRR,0.6,0.2,0.2,P
18,P,SP,RSP,0.3,0.3,0.4,0,2,lose,S,RS,RRS,0.6,0.1,0.3,S
19,S,PS,SPS,0.2,0.3,0.5,0,3,lose,R,SR,RSR,0.7,0.1,0.2,R
20,R,SR,PSR,0.3,0.3,0.4,0,0,tie,R,RR,SRR,0.7,0.1,0.2,P
21,P,RP,SRP,0.3,0.3,0.4,0,1,lose,S,RS,RRS,0.7,0.0,0.3,S
22,S,PS,RPS,0.2,0.3,0.5,0,2,lose,R,SR,RSR,0.8,0.0,0.2,S
23,S,SS,PSS,0.2,0.3,0.5,0,0,tie,S,RS,SRS,0.7,0.0,0.3,P
24,P,SP,SSP,0.2,0.4,0.4,0,1,lose,S,SS,RSS,0.6,0.0,0.4,R
25,R,PR,SPR,0.3,0.3,0.4,0,2,lose,P,SP,SSP,0.5,0.1,0.4,S
26,S,RS,PRS,0.2,0.3,0.5,1,0,win,P,PP,SPP,0.4,0.2,0.4,S
27,S,SS,RSS,0.2,0.3,0.5,0,0,tie,S,PS,PPS,0.3,0.2,0.5,S
28,S,SS,SSS,0.2,0.2,0.6,0,1,lose,R,SR,PSR,0.4,0.2,0.4,R
29,R,SR,SSR,0.3,0.2,0.5,0,2,lose,P,RP,SRP,0.3,0.3,0.4,S
30,S,RS,SRS,0.2,0.2,0.6,1,0,win,P,PP,RPP,0.2,0.4,0.4,R
31,R,SR,RSR,0.3,0.1,0.6,2,0,win,S,PS,PPS,0.2,0.4,0.4,S
32,S,RS,SRS,0.3,0.1,0.6,0,0,tie,S,SS,PSS,0.1,0.4,0.5,R
33,R,SR,RSR,0.4,0.1,0.5,1,0,win,S,SS,SSS,0.1,0.4,0.5,S
34,S,RS,SRS,0.4,0.0,0.6,0,0,tie,S,SS,SSS,0.1,0.4,0.5,R
35,R,SR,RSR,0.4,0.0,0.6,1,0,win,S,SS,SSS,0.1,0.3,0.6,S
36,S,RS,SRS,0.4,0.0,0.6,2,0,win,P,SP,SSP,0.1,0.3,0.6,R
37,P,RP,PRP,0.3,0.4,0.3,0,1,lose,S,RS,PRS,0.5,0.1,0.4,S
38,S,PS,RPS,0.3,0.4,0.3,0,0,tie,S,SS,RSS,0.4,0.1,0.5,R
39,R,SR,PSR,0.3,0.4,0.3,0,1,lose,P,SP,SSP,0.3,0.2,0.5,S
40,S,RS,SRS,0.3,0.3,0.4,1,0,win,P,PP,SPP,0.2,0.3,0.5,P
41,P,SP,RSP,0.3,0.4,0.3,0,1,lose,S,PS,PPS,0.2,0.3,0.5,S
42,S,PS,SPS,0.3,0.3,0.4,0,0,tie,S,SS,PSS,0.1,0.3,0.6,P
43,P,SP,PSP,0.2,0.4,0.4,0,0,tie,P,SP,SSP,0.1,0.4,0.5,S
44,S,PS,SPS,0.2,0.4,0.4,0,0,tie,S,PS,SPS,0.1,0.4,0.5,S
45,S,SS,PSS,0.2,0.3,0.5,1,0,win,P,SP,PSP,0.1,0.4,0.5,R
46,R,SR,SSR,0.2,0.3,0.5,0,1,lose,P,PP,SPP,0.0,0.5,0.5,R
47,R,RR,SRR,0.3,0.2,0.5,1,0,win,S,PS,PPS,0.0,0.5,0.5,R
48,R,RR,RRR,0.4,0.2,0.4,0,0,tie,R,SR,PSR,0.1,0.5,0.4,S
49,S,RS,RRS,0.3,0.2,0.5,0,1,lose,R,RR,SRR,0.2,0.4,0.4,R
50,R,SR,RSR,0.4,0.2,0.4,0,0,tie,R,RR,RRR,0.3,0.3,0.4,S
51,S,RS,SRS,0.4,0.1,0.5,0,1,lose,R,RR,RRR,0.4,0.3,0.3,P
52,P,SP,RSP,0.4,0.2,0.4,0,0,tie,P,RP,RRP,0.4,0.4,0.2,P
53,P,PP,SPP,0.4,0.2,0.4,1,0,win,R,PR,RPR,0.5,0.3,0.2,S
54,S,PS,PPS,0.4,0.2,0.4,0,0,tie,S,RS,PRS,0.5,0.3,0.2,R
55,R,SR,PSR,0.5,0.2,0.3,0,1,lose,P,SP,RSP,0.5,0.3,0.2,R
56,R,RR,SRR,0.5,0.2,0.3,0,0,tie,R,PR,SPR,0.6,0.2,0.2,S
57,S,RS,RRS,0.4,0.2,0.4,1,0,win,P,RP,PRP,0.6,0.3,0.1,R
58,R,SR,RSR,0.4,0.2,0.4,2,0,win,S,PS,RPS,0.5,0.3,0.2,P
59,P,RP,SRP,0.4,0.3,0.3,3,0,win,R,SR,PSR,0.5,0.3,0.2,S
60,S,PS,RPS,0.3,0.3,0.4,4,0,win,P,RP,SRP,0.4,0.4,0.2,P
61,P,SP,PSP,0.3,0.4,0.3,0,0,tie,P,PP,RPP,0.3,0.5,0.2,R
62,R,PR,SPR,0.4,0.3,0.3,0,0,tie,R,PR,PPR,0.4,0.4,0.2,S
63,S,RS,PRS,0.4,0.2,0.4,1,0,win,P,RP,PRP,0.3,0.5,0.2,P
64,P,SP,RSP,0.4,0.3,0.3,2,0,win,R,PR,RPR,0.4,0.5,0.1,S
65,S,PS,SPS,0.3,0.3,0.4,0,1,lose,R,RR,PRR,0.5,0.4,0.1,P
66,P,SP,PSP,0.2,0.4,0.4,0,2,lose,S,RS,RRS,0.4,0.4,0.2,R
67,R,PR,SPR,0.3,0.4,0.3,0,3,lose,P,SP,RSP,0.4,0.4,0.2,R
68,R,RR,PRR,0.3,0.4,0.3,1,0,win,S,PS,SPS,0.4,0.4,0.2,S
69,S,RS,RRS,0.3,0.3,0.4,0,1,lose,R,SR,PSR,0.4,0.4,0.2,P
70,P,SP,RSP,0.3,0.4,0.3,0,2,lose,S,RS,SRS,0.4,0.3,0.3,P
71,P,PP,SPP,0.3,0.4,0.3,0,3,lose,S,SS,RSS,0.4,0.2,0.4,P
72,P,PP,PPP,0.2,0.5,0.3,1,0,win,R,SR,SSR,0.4,0.2,0.4,S
73,S,PS,PPS,0.2,0.5,0.3,2,0,win,P,RP,SRP,0.4,0.2,0.4,R
74,R,SR,PSR,0.3,0.4,0.3,0,1,lose,P,PP,RPP,0.3,0.3,0.4,S
75,S,RS,SRS,0.3,0.4,0.3,0,0,tie,S,PS,PPS,0.2,0.3,0.5,S
76,S,SS,RSS,0.3,0.3,0.4,0,0,tie,S,SS,PSS,0.2,0.3,0.5,P
77,P,SP,SSP,0.2,0.4,0.4,0,0,tie,P,SP,SSP,0.2,0.3,0.5,R
78,R,PR,SPR,0.2,0.4,0.4,0,1,lose,P,PP,SPP,0.2,0.4,0.4,R
79,R,RR,PRR,0.3,0.4,0.3,0,2,lose,P,PP,PPP,0.1,0.5,0.4,S
80,S,RS,RRS,0.3,0.3,0.4,1,0,win,P,PP,PPP,0.1,0.6,0.3,P
81,P,SP,RSP,0.3,0.3,0.4,0,1,lose,S,PS,PPS,0.1,0.6,0.3,R
82,R,PR,SPR,0.4,0.2,0.4,0,2,lose,P,SP,PSP,0.0,0.7,0.3,S
83,S,RS,PRS,0.4,0.2,0.4,1,0,win,P,PP,SPP,0.0,0.7,0.3,S
84,S,SS,RSS,0.3,0.2,0.5,0,0,tie,S,PS,PPS,0.0,0.6,0.4,P
85,P,SP,SSP,0.3,0.3,0.4,0,0,tie,P,SP,PSP,0.0,0.7,0.3,P
86,P,PP,SPP,0.3,0.4,0.3,0,0,tie,P,PP,SPP,0.0,0.8,0.2,S
87,S,PS,PPS,0.3,0.3,0.4,0,0,tie,S,PS,PPS,0.0,0.7,0.3,S
88,S,SS,PSS,0.2,0.3,0.5,0,0,tie,S,SS,PSS,0.0,0.6,0.4,R
89,R,SR,SSR,0.2,0.3,0.5,0,0,tie,R,SR,SSR,0.1,0.5,0.4,S
90,S,RS,SRS,0.2,0.3,0.5,1,0,win,P,RP,SRP,0.1,0.5,0.4,R
91,R,SR,RSR,0.3,0.2,0.5,0,1,lose,P,PP,RPP,0.1,0.6,0.3,P
92,P,RP,SRP,0.2,0.3,0.5,0,0,tie,P,PP,PPP,0.1,0.6,0.3,S
93,S,PS,RPS,0.2,0.3,0.5,0,1,lose,R,PR,PPR,0.2,0.5,0.3,S
94,S,SS,PSS,0.2,0.3,0.5,1,0,win,P,RP,PRP,0.2,0.6,0.2,P
95,P,SP,SSP,0.2,0.3,0.5,0,0,tie,P,PP,RPP,0.2,0.6,0.2,S
96,S,PS,SPS,0.2,0.2,0.6,1,0,win,P,PP,PPP,0.2,0.6,0.2,R
97,R,SR,PSR,0.3,0.2,0.5,2,0,win,S,PS,PPS,0.2,0.6,0.2,P
98,P,RP,SRP,0.3,0.3,0.4,0,0,tie,P,SP,PSP,0.2,0.7,0.1,S
99,S,PS,RPS,0.2,0.3,0.5,0,0,tie,S,PS,SPS,0.1,0.7,0.2,S
104,R,PR,RPR,0.6666666666666666,0.3333333333333333,0.0,1,0,win,S,SS,SSS,0.0,0.0,1.0,R
105,R,RR,PRR,0.75,0.25,0.0,2,0,win,S,SS,SSS,0.0,0.0,1.0,S
106,S,RS,RRS,0.6,0.2,0.2,3,0,win,P,SP,SSP,0.0,0.2,0.8,R
107,R,SR,RSR,0.6666666666666666,0.1666666666666666,0.1666666666666666,0,0,tie,R,PR,SPR,0.1666666666666666,0.1666666666666666,0.6666666666666666,S
108,S,RS,SRS,0.5714285714285714,0.1428571428571428,0.2857142857142857,1,0,win,P,RP,PRP,0.1428571428571428,0.2857142857142857,0.5714285714285714,R
109,R,SR,RSR,0.625,0.125,0.25,2,0,win,S,PS,RPS,0.125,0.25,0.625,R
110,R,RR,SRR,0.6666666666666666,0.1111111111111111,0.2222222222222222,0,0,tie,R,SR,PSR,0.2222222222222222,0.2222222222222222,0.5555555555555556,P
111,P,RP,RRP,0.6,0.2,0.2,1,0,win,R,RR,SRR,0.3,0.2,0.5,S
112,S,PS,RPS,0.5,0.2,0.3,0,0,tie,S,RS,RRS,0.3,0.2,0.5,R
113,R,SR,PSR,0.6,0.1,0.3,0,0,tie,R,SR,RSR,0.4,0.2,0.4,P
114,P,RP,SRP,0.5,0.2,0.3,0,1,lose,S,RS,SRS,0.4,0.2,0.4,S
115,S,PS,RPS,0.4,0.2,0.4,0,2,lose,R,SR,RSR,0.5,0.2,0.3,P
116,P,SP,PSP,0.4,0.3,0.3,0,0,tie,P,RP,SRP,0.5,0.2,0.3,R
117,R,PR,SPR,0.4,0.3,0.3,0,0,tie,R,PR,RPR,0.5,0.2,0.3,P
118,P,RP,PRP,0.4,0.4,0.2,0,0,tie,P,RP,PRP,0.5,0.2,0.3,R
119,R,PR,RPR,0.4,0.4,0.2,0,0,tie,R,PR,RPR,0.6,0.2,0.2,S
120,S,RS,PRS,0.3,0.4,0.3,0,2,lose,R,PR,RPR,0.6,0.2,0.2,S
121,S,SS,RSS,0.3,0.3,0.4,0,3,lose,R,RR,PRR,0.6,0.2,0.2,R
122,R,SR,SSR,0.4,0.3,0.3,1,0,win,S,RS,RRS,0.5,0.2,0.3,P
123,P,RP,SRP,0.3,0.4,0.3,0,0,tie,P,SP,RSP,0.5,0.3,0.2,S
124,S,PS,RPS,0.3,0.3,0.4,0,1,lose,R,PR,SPR,0.5,0.3,0.2,R
125,R,SR,PSR,0.4,0.3,0.3,1,0,win,S,RS,PRS,0.5,0.3,0.2,P
126,P,RP,SRP,0.4,0.3,0.3,0,1,lose,S,RS,PRS,0.5,0.3,0.2,R
127,R,PR,RPR,0.4,0.3,0.3,0,0,tie,R,SR,RSR,0.6,0.2,0.2,R
128,R,RR,PRR,0.5,0.2,0.3,0,0,tie,R,RR,SRR,0.6,0.2,0.2,R
129,R,RR,RRR,0.5,0.2,0.3,0,0,tie,R,RR,RRR,0.7,0.1,0.2,P
130,P,RP,RRP,0.5,0.3,0.2,1,0,win,R,RR,RRR,0.7,0.1,0.2,R
131,R,PR,RPR,0.6,0.3,0.1,0,0,tie,R,RR,RRR,0.7,0.1,0.2,S
132,S,RS,PRS,0.5,0.3,0.2,0,1,lose,R,RR,RRR,0.7,0.1,0.2,P
133,P,SP,RSP,0.5,0.3,0.2,1,0,win,R,RR,RRR,0.8,0.1,0.1,P
134,P,PP,SPP,0.5,0.4,0.1,0,0,tie,P,RP,RRP,0.8,0.1,0.1,S
135,S,PS,PPS,0.4,0.4,0.2,3,0,win,P,RP,RRP,0.7,0.1,0.2,R
136,R,SR,PSR,0.5,0.3,0.2,0,1,lose,P,PP,RPP,0.7,0.2,0.1,S
137,S,RS,SRS,0.4,0.3,0.3,1,0,win,P,PP,PPP,0.7,0.3,0.0,S
138,S,SS,RSS,0.3,0.3,0.4,2,0,win,P,PP,PPP,0.6,0.4,0.0,R
139,R,SR,SSR,0.3,0.3,0.4,3,0,win,S,PS,PPS,0.4,0.5,0.1,R
140,R,RR,SRR,0.4,0.2,0.4,4,0,win,S,SS,PSS,0.3,0.5,0.2,P
141,P,RP,RRP,0.3,0.3,0.4,5,0,win,R,SR,SSR,0.3,0.5,0.2,S
142,S,PS,RPS,0.3,0.3,0.4,0,1,lose,R,RR,SRR,0.3,0.5,0.2,R
143,R,SR,PSR,0.4,0.2,0.4,0,0,tie,R,RR,RRR,0.3,0.5,0.2,P
144,P,RP,SRP,0.4,0.2,0.4,0,0,tie,P,RP,RRP,0.3,0.5,0.2,S
145,S,PS,RPS,0.4,0.2,0.4,0,1,lose,R,PR,RPR,0.4,0.4,0.2,R
146,R,SR,PSR,0.4,0.2,0.4,0,2,lose,P,RP,PRP,0.4,0.4,0.2,P
147,P,RP,SRP,0.4,0.3,0.3,0,3,lose,S,PS,RPS,0.4,0.3,0.3,R
148,R,PR,RPR,0.5,0.3,0.2,1,0,win,S,SS,PSS,0.4,0.2,0.4,S
149,S,RS,PRS,0.4,0.3,0.3,0,1,lose,R,SR,SSR,0.5,0.2,0.3,P
150,P,SP,RSP,0.3,0.4,0.3,0,2,lose,S,RS,SRS,0.5,0.2,0.3,S
151,S,PS,SPS,0.3,0.3,0.4,0,0,tie,S,SS,RSS,0.4,0.2,0.4,S
152,S,SS,PSS,0.3,0.3,0.4,0,0,tie,S,SS,SSS,0.3,0.2,0.5,R
153,R,SR,SSR,0.3,0.3,0.4,1,0,win,S,SS,SSS,0.2,0.2,0.6,S
154,S,RS,SRS,0.3,0.2,0.5,0,1,lose,R,SR,SSR,0.3,0.1,0.6,S
155,S,SS,RSS,0.3,0.2,0.5,0,0,tie,S,RS,SRS,0.2,0.1,0.7,R
156,R,SR,SSR,0.3,0.2,0.5,1,0,win,S,SS,RSS,0.2,0.0,0.8,P
157,P,RP,SRP,0.3,0.2,0.5,2,0,win,R,SR,SSR,0.3,0.0,0.7,S
158,S,PS,RPS,0.2,0.2,0.6,0,0,tie,S,RS,SRS,0.3,0.0,0.7,P
159,P,SP,PSP,0.2,0.3,0.5,0,1,lose,S,SS,RSS,0.2,0.0,0.8,S
160,S,PS,SPS,0.2,0.2,0.6,0,0,tie,S,SS,SSS,0.2,0.0,0.8,R
161,R,SR,PSR,0.3,0.2,0.5,1,0,win,S,SS,SSS,0.2,0.0,0.8,P
162,P,RP,SRP,0.3,0.3,0.4,2,0,win,R,SR,SSR,0.3,0.0,0.7,P
163,P,PP,RPP,0.2,0.4,0.4,0,1,lose,S,RS,SRS,0.3,0.0,0.7,R
164,R,PR,PPR,0.3,0.4,0.3,1,0,win,S,SS,RSS,0.2,0.0,0.8,S
165,S,RS,PRS,0.3,0.4,0.3,2,0,win,P,SP,SSP,0.2,0.1,0.7,S
166,S,SS,RSS,0.2,0.4,0.4,3,0,win,P,PP,SPP,0.2,0.2,0.6,R
167,R,SR,SSR,0.3,0.3,0.4,0,1,lose,P,PP,PPP,0.1,0.3,0.6,P
168,P,RP,SRP,0.3,0.4,0.3,1,0,win,R,PR,PPR,0.2,0.3,0.5,S
169,S,PS,RPS,0.3,0.3,0.4,0,0,tie,S,RS,PRS,0.2,0.3,0.5,P
170,P,SP,PSP,0.3,0.4,0.3,0,0,tie,P,SP,RSP,0.2,0.4,0.4,S
171,S,PS,SPS,0.2,0.4,0.4,0,0,tie,S,PS,SPS,0.2,0.4,0.4,R
172,R,SR,PSR,0.3,0.3,0.4,1,0,win,S,SS,PSS,0.1,0.4,0.5,P
173,P,RP,SRP,0.3,0.3,0.4,0,0,tie,P,SP,SSP,0.1,0.5,0.4,R
174,R,PR,RPR,0.3,0.3,0.4,0,0,tie,R,PR,SPR,0.2,0.5,0.3,S
175,S,RS,PRS,0.3,0.3,0.4,0,0,tie,S,RS,PRS,0.2,0.4,0.4,S
176,S,SS,RSS,0.3,0.3,0.4,0,0,tie,S,SS,RSS,0.2,0.3,0.5,R
177,R,SR,SSR,0.3,0.3,0.4,1,0,win,S,SS,SSS,0.2,0.2,0.6,P
178,P,RP,SRP,0.3,0.3,0.4,0,1,lose,S,SS,SSS,0.1,0.2,0.7,P
179,P,PP,RPP,0.3,0.4,0.3,1,0,win,R,SR,SSR,0.2,0.2,0.6,P
180,P,PP,PPP,0.3,0.4,0.3,0,1,lose,S,RS,SRS,0.2,0.1,0.7,S
181,S,PS,PPS,0.3,0.4,0.3,0,2,lose,R,SR,RSR,0.3,0.1,0.6,P
182,P,SP,PSP,0.2,0.5,0.3,0,3,lose,S,RS,SRS,0.3,0.1,0.6,P
183,P,PP,SPP,0.2,0.5,0.3,0,4,lose,S,SS,RSS,0.3,0.0,0.7,R
184,R,PR,PPR,0.2,0.5,0.3,0,0,tie,R,SR,SSR,0.3,0.0,0.7,S
185,S,RS,PRS,0.2,0.5,0.3,0,1,lose,R,RR,SRR,0.4,0.0,0.6,S
186,S,SS,RSS,0.2,0.5,0.3,1,0,win,P,RP,RRP,0.4,0.1,0.5,R
187,R,SR,SSR,0.2,0.5,0.3,2,0,win,S,PS,RPS,0.4,0.1,0.5,P
188,P,RP,SRP,0.2,0.5,0.3,0,1,lose,S,SS,PSS,0.4,0.1,0.5,S
189,S,PS,RPS,0.2,0.4,0.4,0,0,tie,S,SS,SSS,0.3,0.1,0.6,P
190,P,SP,PSP,0.2,0.4,0.4,0,1,lose,S,SS,SSS,0.3,0.1,0.6,R
191,R,PR,SPR,0.3,0.4,0.3,1,0,win,S,SS,SSS,0.2,0.1,0.7,R
192,R,RR,PRR,0.4,0.3,0.3,2,0,win,S,SS,SSS,0.2,0.1,0.7,S
193,S,RS,RRS,0.4,0.2,0.4,0,0,tie,S,SS,SSS,0.2,0.1,0.7,S
194,S,SS,RSS,0.3,0.2,0.5,1,0,win,P,SP,SSP,0.1,0.2,0.7,S
195,S,SS,SSS,0.3,0.2,0.5,0,0,tie,S,PS,SPS,0.0,0.2,0.8,R
196,R,SR,SSR,0.4,0.2,0.4,1,0,win,S,SS,PSS,0.0,0.1,0.9,R
197,R,RR,SRR,0.4,0.2,0.4,0,1,lose,P,SP,SSP,0.0,0.2,0.8,R
198,R,RR,RRR,0.5,0.1,0.4,0,2,lose,P,PP,SPP,0.0,0.3,0.7,P
199,P,RP,RRP,0.5,0.2,0.3,0,3,lose,S,PS,PPS,0.0,0.3,0.7,R
200,R,PR,RPR,0.6,0.1,0.3,0,4,lose,P,SP,PSP,0.0,0.4,0.6,S
201,S,RS,PRS,0.5,0.1,0.4,0,0,tie,S,PS,SPS,0.0,0.4,0.6,R
202,R,SR,RSR,0.5,0.1,0.4,0,1,lose,P,SP,PSP,0.0,0.5,0.5,R
203,R,RR,SRR,0.6,0.1,0.3,1,0,win,S,PS,SPS,0.0,0.5,0.5,S
204,S,RS,RRS,0.6,0.1,0.3,0,0,tie,S,SS,PSS,0.0,0.4,0.6,R
205,R,SR,RSR,0.7,0.1,0.2,0,1,lose,P,SP,SSP,0.0,0.5,0.5,R
206,R,RR,SRR,0.7,0.1,0.2,1,0,win,S,PS,SPS,0.0,0.5,0.5,R
207,R,RR,RRR,0.7,0.1,0.2,2,0,win,S,SS,PSS,0.0,0.4,0.6,R
208,R,RR,RRR,0.7,0.1,0.2,3,0,win,S,SS,SSS,0.0,0.3,0.7,S
209,S,RS,RRS,0.7,0.0,0.3,0,0,tie,S,SS,SSS,0.0,0.3,0.7,R
210,R,SR,RSR,0.7,0.0,0.3,0,1,lose,P,SP,SSP,0.0,0.3,0.7,P
211,P,RP,SRP,0.7,0.1,0.2,0,2,lose,S,PS,SPS,0.0,0.3,0.7,R
212,R,PR,RPR,0.7,0.1,0.2,0,3,lose,P,SP,PSP,0.0,0.3,0.7,S
213,S,RS,PRS,0.6,0.1,0.3,1,0,win,P,PP,SPP,0.0,0.4,0.6,P
214,P,SP,RSP,0.6,0.2,0.2,0,0,tie,P,PP,PPP,0.0,0.5,0.5,R
215,R,PR,SPR,0.6,0.2,0.2,0,0,tie,R,PR,PPR,0.1,0.4,0.5,P
216,P,RP,PRP,0.5,0.3,0.2,1,0,win,R,RR,PRR,0.2,0.4,0.4,S
217,S,PS,RPS,0.4,0.3,0.3,2,0,win,P,RP,RRP,0.2,0.5,0.3,R
218,R,SR,PSR,0.4,0.3,0.3,3,0,win,S,PS,RPS,0.2,0.5,0.3,P
219,P,RP,SRP,0.4,0.4,0.2,4,0,win,R,SR,PSR,0.3,0.5,0.2,S
220,S,PS,RPS,0.3,0.4,0.3,0,0,tie,S,RS,SRS,0.3,0.4,0.3,R
221,R,SR,PSR,0.4,0.3,0.3,0,1,lose,P,SP,RSP,0.3,0.5,0.2,S
222,S,RS,SRS,0.3,0.3,0.4,0,2,lose,R,PR,SPR,0.4,0.4,0.2,S
223,S,SS,RSS,0.3,0.3,0.4,1,0,win,P,RP,PRP,0.4,0.4,0.2,R
224,R,SR,SSR,0.4,0.2,0.4,0,0,tie,R,PR,RPR,0.5,0.3,0.2,S
225,S,RS,SRS,0.3,0.2,0.5,0,1,lose,R,RR,PRR,0.5,0.3,0.2,P
226,P,SP,RSP,0.3,0.2,0.5,0,0,tie,P,RP,RRP,0.4,0.4,0.2,S
227,S,PS,SPS,0.3,0.2,0.5,0,1,lose,R,PR,RPR,0.5,0.3,0.2,S
228,S,SS,PSS,0.2,0.2,0.6,0,2,lose,R,RR,PRR,0.6,0.3,0.1,S
229,S,SS,SSS,0.2,0.1,0.7,0,3,lose,R,RR,RRR,0.6,0.3,0.1,R
230,R,SR,SSR,0.3,0.1,0.6,0,0,tie,R,RR,RRR,0.7,0.3,0.0,R
231,R,RR,SRR,0.3,0.1,0.6,0,0,tie,R,RR,RRR,0.8,0.2,0.0,R
232,R,RR,RRR,0.4,0.1,0.5,0,1,lose,P,RP,RRP,0.7,0.3,0.0,P
233,P,RP,RRP,0.4,0.2,0.4,0,2,lose,S,PS,RPS,0.7,0.2,0.1,R
234,R,PR,RPR,0.4,0.2,0.4,0,3,lose,P,SP,PSP,0.6,0.3,0.1,P
235,P,RP,PRP,0.4,0.3,0.3,0,0,tie,P,PP,SPP,0.5,0.4,0.1,P
236,P,PP,RPP,0.4,0.3,0.3,1,0,win,R,PR,PPR,0.6,0.3,0.1,R
237,R,PR,PPR,0.5,0.3,0.2,0,1,lose,P,RP,PRP,0.5,0.4,0.1,S
238,S,RS,PRS,0.5,0.3,0.2,1,0,win,P,PP,RPP,0.4,0.5,0.1,S
239,S,SS,RSS,0.5,0.3,0.2,0,1,lose,R,PR,PPR,0.4,0.5,0.1,P
240,P,SP,SSP,0.4,0.4,0.2,0,0,tie,P,RP,PRP,0.3,0.6,0.1,P
241,P,PP,SPP,0.3,0.5,0.2,1,0,win,R,PR,RPR,0.3,0.6,0.1,S
242,S,PS,PPS,0.2,0.5,0.3,0,0,tie,S,RS,PRS,0.3,0.5,0.2,R
243,R,SR,PSR,0.3,0.4,0.3,0,0,tie,R,SR,RSR,0.4,0.5,0.1,R
244,R,RR,SRR,0.3,0.4,0.3,0,1,lose,P,RP,SRP,0.4,0.5,0.1,S
245,S,RS,RRS,0.3,0.3,0.4,0,2,lose,R,PR,RPR,0.5,0.4,0.1,P
246,P,SP,RSP,0.3,0.3,0.4,0,0,tie,P,RP,PRP,0.4,0.5,0.1,P
247,P,PP,SPP,0.2,0.4,0.4,1,0,win,R,PR,RPR,0.5,0.4,0.1,S
248,S,PS,PPS,0.2,0.4,0.4,0,0,tie,S,RS,PRS,0.5,0.3,0.2,R
249,R,SR,PSR,0.3,0.4,0.3,0,0,tie,R,SR,RSR,0.5,0.3,0.2,R
250,R,RR,SRR,0.4,0.3,0.3,1,0,win,S,RS,SRS,0.5,0.2,0.3,S
251,S,RS,RRS,0.4,0.2,0.4,0,0,tie,S,SS,RSS,0.4,0.2,0.4,P
252,P,SP,RSP,0.4,0.3,0.3,0,0,tie,P,SP,SSP,0.4,0.3,0.3,R
253,R,PR,SPR,0.4,0.3,0.3,1,0,win,S,PS,SPS,0.3,0.3,0.4,S
254,S,RS,PRS,0.3,0.3,0.4,0,1,lose,R,SR,PSR,0.4,0.2,0.4,R
255,R,SR,RSR,0.4,0.3,0.3,0,2,lose,P,RP,SRP,0.3,0.3,0.4,S
256,S,RS,SRS,0.4,0.2,0.4,0,0,tie,S,PS,RPS,0.3,0.2,0.5,S
257,S,SS,RSS,0.4,0.1,0.5,1,0,win,P,SP,PSP,0.2,0.3,0.5,P
258,P,SP,SSP,0.4,0.2,0.4,2,0,win,R,PR,SPR,0.3,0.3,0.4,S
259,S,PS,SPS,0.3,0.2,0.5,0,1,lose,R,RR,PRR,0.3,0.3,0.4,S
260,S,SS,PSS,0.2,0.2,0.6,0,2,lose,R,RR,RRR,0.4,0.3,0.3,S
261,S,SS,SSS,0.2,0.2,0.6,0,3,lose,R,RR,RRR,0.5,0.3,0.2,S
262,S,SS,SSS,0.2,0.1,0.7,0,4,lose,R,RR,RRR,0.6,0.2,0.2,P
263,P,SP,SSP,0.1,0.2,0.7,1,0,win,R,RR,RRR,0.7,0.2,0.1,R
264,R,PR,SPR,0.2,0.2,0.6,0,1,lose,P,RP,RRP,0.6,0.3,0.1,R
265,R,RR,PRR,0.2,0.2,0.6,1,0,win,S,PS,RPS,0.6,0.2,0.2,S
266,S,RS,RRS,0.2,0.2,0.6,0,1,lose,R,SR,PSR,0.7,0.2,0.1,P
267,P,SP,RSP,0.2,0.3,0.5,0,2,lose,S,RS,SRS,0.7,0.1,0.2,S
268,S,PS,SPS,0.2,0.2,0.6,0,0,tie,S,SS,RSS,0.6,0.1,0.3,R
269,R,SR,PSR,0.3,0.2,0.5,1,0,win,S,SS,SSS,0.5,0.1,0.4,P
270,P,RP,SRP,0.3,0.3,0.4,0,1,lose,S,SS,SSS,0.4,0.1,0.5,P
271,P,PP,RPP,0.3,0.4,0.3,1,0,win,R,SR,SSR,0.4,0.1,0.5,P
272,P,PP,PPP,0.3,0.5,0.2,0,1,lose,S,RS,SRS,0.3,0.1,0.6,S
273,S,PS,PPS,0.3,0.4,0.3,0,0,tie,S,SS,RSS,0.2,0.1,0.7,P
274,P,SP,PSP,0.2,0.5,0.3,0,0,tie,P,SP,SSP,0.2,0.1,0.7,S
275,S,PS,SPS,0.1,0.5,0.4,1,0,win,P,PP,SPP,0.2,0.2,0.6,S
276,S,SS,PSS,0.1,0.5,0.4,0,1,lose,R,PR,PPR,0.2,0.2,0.6,P
277,P,SP,SSP,0.1,0.5,0.4,0,2,lose,S,RS,PRS,0.2,0.2,0.6,R
278,R,PR,SPR,0.2,0.5,0.3,1,0,win,S,SS,RSS,0.2,0.2,0.6,R
279,R,RR,PRR,0.2,0.5,0.3,0,0,tie,R,SR,SSR,0.3,0.2,0.5,P
280,P,RP,RRP,0.2,0.5,0.3,1,0,win,R,RR,SRR,0.4,0.2,0.4,P
281,P,PP,RPP,0.2,0.5,0.3,0,1,lose,S,RS,RRS,0.3,0.2,0.5,S
282,S,PS,PPS,0.2,0.4,0.4,0,0,tie,S,SS,RSS,0.3,0.2,0.5,R
283,R,SR,PSR,0.3,0.4,0.3,0,1,lose,P,SP,SSP,0.3,0.3,0.4,P
284,P,RP,SRP,0.3,0.4,0.3,1,0,win,R,PR,SPR,0.4,0.2,0.4,S
285,S,PS,RPS,0.3,0.4,0.3,0,0,tie,S,RS,PRS,0.4,0.1,0.5,P
286,P,SP,PSP,0.3,0.5,0.2,0,0,tie,P,SP,RSP,0.3,0.2,0.5,S
287,S,PS,SPS,0.3,0.4,0.3,0,0,tie,S,PS,SPS,0.3,0.2,0.5,P
288,P,SP,PSP,0.2,0.5,0.3,1,0,win,R,SR,PSR,0.4,0.2,0.4,R
289,R,PR,SPR,0.2,0.5,0.3,2,0,win,S,RS,SRS,0.3,0.2,0.5,R
290,R,RR,PRR,0.3,0.4,0.3,3,0,win,S,SS,RSS,0.2,0.2,0.6,P
291,P,RP,RRP,0.3,0.4,0.3,0,0,tie,P,SP,SSP,0.2,0.3,0.5,R
292,R,PR,RPR,0.4,0.4,0.2,0,1,lose,P,PP,SPP,0.2,0.4,0.4,P
293,P,RP,PRP,0.3,0.5,0.2,0,2,lose,S,PS,PPS,0.2,0.3,0.5,S
294,S,PS,RPS,0.3,0.4,0.3,0,0,tie,S,SS,PSS,0.1,0.3,0.6,R
295,R,SR,PSR,0.4,0.4,0.2,0,1,lose,P,SP,SSP,0.1,0.4,0.5,R
296,R,RR,SRR,0.5,0.3,0.2,0,0,tie,R,PR,SPR,0.2,0.3,0.5,S
297,S,RS,RRS,0.5,0.3,0.2,0,0,tie,S,RS,PRS,0.2,0.3,0.5,S
298,S,SS,RSS,0.5,0.2,0.3,0,1,lose,R,SR,RSR,0.2,0.3,0.5,P
299,P,SP,SSP,0.4,0.3,0.3,0,0,tie,P,RP,SRP,0.2,0.4,0.4,R
300,R,PR,SPR,0.4,0.3,0.3,0,0,tie,R,PR,RPR,0.3,0.4,0.3,S
301,S,RS,PRS,0.4,0.2,0.4,0,0,tie,S,RS,PRS,0.3,0.3,0.4,P
302,P,SP,RSP,0.3,0.3,0.4,1,0,win,R,SR,RSR,0.4,0.2,0.4,P
303,P,PP,SPP,0.3,0.3,0.4,0,1,lose,S,RS,SRS,0.4,0.2,0.4,S
304,S,PS,PPS,0.3,0.3,0.4,0,2,lose,R,SR,RSR,0.5,0.2,0.3,S
305,S,SS,PSS,0.2,0.3,0.5,0,3,lose,R,RR,SRR,0.6,0.1,0.3,P
306,P,SP,SSP,0.1,0.4,0.5,0,0,tie,P,RP,RRP,0.5,0.2,0.3,P
307,P,PP,SPP,0.1,0.5,0.4,1,0,win,R,PR,RPR,0.6,0.2,0.2,S
308,S,PS,PPS,0.1,0.5,0.4,0,0,tie,S,RS,PRS,0.5,0.2,0.3,P
309,P,SP,PSP,0.1,0.5,0.4,1,0,win,R,SR,RSR,0.6,0.1,0.3,S
310,S,PS,SPS,0.0,0.5,0.5,0,0,tie,S,RS,SRS,0.5,0.1,0.4,P
311,P,SP,PSP,0.0,0.6,0.4,0,0,tie,P,SP,RSP,0.5,0.2,0.3,P
312,P,PP,SPP,0.0,0.6,0.4,0,1,lose,S,PS,SPS,0.4,0.2,0.4,P
313,P,PP,PPP,0.0,0.6,0.4,1,0,win,R,SR,PSR,0.5,0.2,0.3,S
314,S,PS,PPS,0.0,0.6,0.4,0,0,tie,S,RS,SRS,0.4,0.2,0.4,R
315,R,SR,PSR,0.1,0.6,0.3,0,0,tie,R,SR,RSR,0.4,0.2,0.4,S
316,S,RS,SRS,0.1,0.5,0.4,0,1,lose,R,RR,SRR,0.5,0.1,0.4,S
317,S,SS,RSS,0.1,0.4,0.5,0,2,lose,R,RR,RRR,0.5,0.1,0.4,P
318,P,SP,SSP,0.1,0.5,0.4,1,0,win,R,RR,RRR,0.6,0.1,0.3,P
319,P,PP,SPP,0.1,0.5,0.4,0,1,lose,S,RS,RRS,0.5,0.1,0.4,S
320,S,PS,PPS,0.1,0.5,0.4,0,2,lose,R,SR,RSR,0.6,0.1,0.3,P
321,P,SP,PSP,0.1,0.5,0.4,0,3,lose,S,RS,SRS,0.6,0.0,0.4,P
322,P,PP,SPP,0.1,0.5,0.4,0,4,lose,S,SS,RSS,0.6,0.0,0.4,S
323,S,PS,PPS,0.1,0.4,0.5,0,0,tie,S,SS,SSS,0.5,0.0,0.5,R
324,R,SR,PSR,0.2,0.4,0.4,1,0,win,S,SS,SSS,0.5,0.0,0.5,R
325,R,RR,SRR,0.2,0.4,0.4,2,0,win,S,SS,SSS,0.4,0.0,0.6,S
326,S,RS,RRS,0.2,0.4,0.4,0,0,tie,S,SS,SSS,0.3,0.0,0.7,S
327,S,SS,RSS,0.2,0.4,0.4,1,0,win,P,SP,SSP,0.2,0.1,0.7,S
328,S,SS,SSS,0.2,0.3,0.5,0,0,tie,S,PS,SPS,0.1,0.1,0.8,R
329,R,SR,SSR,0.3,0.2,0.5,1,0,win,S,SS,PSS,0.1,0.1,0.8,R
330,R,RR,SRR,0.4,0.2,0.4,0,1,lose,P,SP,SSP,0.0,0.2,0.8,P
331,P,RP,RRP,0.4,0.2,0.4,0,2,lose,S,PS,SPS,0.0,0.2,0.8,R
332,R,PR,RPR,0.5,0.1,0.4,0,3,lose,P,SP,PSP,0.0,0.3,0.7,S
333,S,RS,PRS,0.5,0.1,0.4,0,0,tie,S,PS,SPS,0.0,0.3,0.7,R
334,R,SR,RSR,0.5,0.1,0.4,0,1,lose,P,SP,PSP,0.0,0.4,0.6,R
335,R,RR,SRR,0.5,0.1,0.4,1,0,win,S,PS,SPS,0.0,0.4,0.6,S
336,S,RS,RRS,0.5,0.1,0.4,0,0,tie,S,SS,PSS,0.0,0.4,0.6,R
337,R,SR,RSR,0.6,0.1,0.3,0,1,lose,P,SP,SSP,0.0,0.4,0.6,R
338,R,RR,SRR,0.7,0.1,0.2,1,0,win,S,PS,SPS,0.0,0.4,0.6,R
339,R,RR,RRR,0.7,0.1,0.2,2,0,win,S,SS,PSS,0.0,0.4,0.6,R
340,R,RR,RRR,0.7,0.1,0.2,3,0,win,S,SS,SSS,0.0,0.3,0.7,S
341,S,RS,RRS,0.7,0.0,0.3,0,0,tie,S,SS,SSS,0.0,0.3,0.7,R
342,R,SR,RSR,0.7,0.0,0.3,0,1,lose,P,SP,SSP,0.0,0.3,0.7,P
343,P,RP,SRP,0.7,0.1,0.2,1,0,win,R,PR,SPR,0.1,0.3,0.6,R
344,R,PR,RPR,0.7,0.1,0.2,0,1,lose,P,RP,PRP,0.1,0.3,0.6,S
345,S,RS,PRS,0.6,0.1,0.3,0,2,lose,R,PR,RPR,0.2,0.3,0.5,P
346,P,SP,RSP,0.6,0.2,0.2,0,0,tie,P,RP,PRP,0.2,0.4,0.4,R
347,R,PR,SPR,0.6,0.2,0.2,0,0,tie,R,PR,RPR,0.3,0.3,0.4,P
348,P,RP,PRP,0.5,0.3,0.2,1,0,win,R,RR,PRR,0.4,0.3,0.3,S
349,S,PS,RPS,0.4,0.3,0.3,0,1,lose,R,RR,RRR,0.5,0.3,0.2,R
350,R,SR,PSR,0.4,0.3,0.3,1,0,win,S,RS,RRS,0.5,0.3,0.2,R
351,R,RR,SRR,0.5,0.3,0.2,0,1,lose,P,SP,RSP,0.5,0.4,0.1,R
352,R,RR,RRR,0.5,0.3,0.2,0,2,lose,P,PP,SPP,0.5,0.4,0.1,S
353,S,RS,RRS,0.5,0.2,0.3,0,0,tie,S,PS,PPS,0.4,0.4,0.2,R
354,R,SR,RSR,0.5,0.2,0.3,0,1,lose,P,SP,PSP,0.4,0.4,0.2,S
355,S,RS,SRS,0.5,0.2,0.3,0,2,lose,R,PR,SPR,0.4,0.4,0.2,S
356,S,SS,RSS,0.5,0.1,0.4,1,0,win,P,RP,PRP,0.4,0.4,0.2,R
357,R,SR,SSR,0.5,0.1,0.4,0,0,tie,R,PR,RPR,0.4,0.4,0.2,S
358,S,RS,SRS,0.5,0.0,0.5,0,1,lose,R,RR,PRR,0.4,0.4,0.2,P
359,P,SP,RSP,0.5,0.1,0.4,0,0,tie,P,RP,RRP,0.3,0.5,0.2,S
360,S,PS,SPS,0.4,0.1,0.5,0,1,lose,R,PR,RPR,0.4,0.5,0.1,S
361,S,SS,PSS,0.3,0.1,0.6,0,2,lose,R,RR,PRR,0.5,0.4,0.1,S
362,S,SS,SSS,0.2,0.1,0.7,0,3,lose,R,RR,RRR,0.6,0.3,0.1,R
363,R,SR,SSR,0.3,0.1,0.6,0,0,tie,R,RR,RRR,0.7,0.3,0.0,R
364,R,RR,SRR,0.3,0.1,0.6,0,0,tie,R,RR,RRR,0.8,0.2,0.0,R
365,R,RR,RRR,0.4,0.1,0.5,0,1,lose,P,RP,RRP,0.7,0.3,0.0,R
366,R,RR,RRR,0.5,0.1,0.4,0,0,tie,R,PR,RPR,0.8,0.2,0.0,R
367,R,RR,RRR,0.5,0.1,0.4,0,1,lose,P,RP,PRP,0.7,0.3,0.0,P
368,P,RP,RRP,0.5,0.2,0.3,0,2,lose,S,PS,RPS,0.6,0.3,0.1,R
369,R,PR,RPR,0.6,0.1,0.3,0,3,lose,P,SP,PSP,0.6,0.3,0.1,S
370,S,RS,PRS,0.6,0.1,0.3,0,4,lose,R,PR,SPR,0.6,0.3,0.1,P
371,P,SP,RSP,0.6,0.2,0.2,0,0,tie,P,RP,PRP,0.5,0.4,0.1,P
372,P,PP,SPP,0.6,0.3,0.1,1,0,win,R,PR,RPR,0.5,0.4,0.1,S
373,S,PS,PPS,0.5,0.3,0.2,2,0,win,P,RP,PRP,0.4,0.5,0.1,P
374,P,SP,PSP,0.4,0.4,0.2,3,0,win,R,PR,RPR,0.4,0.5,0.1,P
375,P,PP,SPP,0.3,0.5,0.2,0,0,tie,P,RP,PRP,0.4,0.5,0.1,S
376,S,PS,PPS,0.2,0.5,0.3,0,1,lose,R,PR,RPR,0.4,0.5,0.1,R
377,R,SR,PSR,0.2,0.5,0.3,0,0,tie,R,RR,PRR,0.5,0.4,0.1,P
378,P,RP,SRP,0.2,0.5,0.3,1,0,win,R,RR,RRR,0.6,0.4,0.0,P
379,P,PP,RPP,0.1,0.6,0.3,0,1,lose,S,RS,RRS,0.6,0.3,0.1,R
380,R,PR,PPR,0.2,0.6,0.2,1,0,win,S,SS,RSS,0.5,0.3,0.2,R
381,R,RR,PRR,0.3,0.5,0.2,2,0,win,S,SS,SSS,0.5,0.2,0.3,R
382,R,RR,RRR,0.4,0.4,0.2,0,1,lose,P,SP,SSP,0.4,0.3,0.3,S
383,S,RS,RRS,0.4,0.4,0.2,1,0,win,P,PP,SPP,0.4,0.3,0.3,S
384,S,SS,RSS,0.4,0.3,0.3,2,0,win,P,PP,PPP,0.3,0.4,0.3,S
385,S,SS,SSS,0.4,0.2,0.4,3,0,win,P,PP,PPP,0.3,0.4,0.3,P
386,P,SP,SSP,0.4,0.3,0.3,0,0,tie,P,PP,PPP,0.2,0.5,0.3,S
387,S,PS,SPS,0.3,0.3,0.4,0,0,tie,S,PS,PPS,0.1,0.5,0.4,R
388,R,SR,PSR,0.4,0.2,0.4,1,0,win,S,SS,PSS,0.0,0.5,0.5,P
389,P,RP,SRP,0.4,0.2,0.4,0,0,tie,P,SP,SSP,0.0,0.6,0.4,S
390,S,PS,RPS,0.3,0.2,0.5,0,0,tie,S,PS,SPS,0.0,0.6,0.4,R
391,R,SR,PSR,0.3,0.2,0.5,1,0,win,S,SS,PSS,0.0,0.6,0.4,R
392,R,RR,SRR,0.3,0.2,0.5,0,1,lose,P,SP,SSP,0.0,0.6,0.4,P
393,P,RP,RRP,0.3,0.3,0.4,0,0,tie,P,PP,SPP,0.0,0.6,0.4,S
394,S,PS,RPS,0.3,0.3,0.4,1,0,win,P,PP,PPP,0.0,0.6,0.4,R
395,R,SR,PSR,0.4,0.3,0.3,0,1,lose,P,PP,PPP,0.0,0.6,0.4,S
396,S,RS,SRS,0.4,0.2,0.4,1,0,win,P,PP,PPP,0.0,0.6,0.4,S
397,S,SS,RSS,0.4,0.2,0.4,2,0,win,P,PP,PPP,0.0,0.7,0.3,S
398,S,SS,SSS,0.3,0.2,0.5,3,0,win,P,PP,PPP,0.0,0.8,0.2,S
399,S,SS,SSS,0.3,0.1,0.6,0,1,lose,R,PR,PPR,0.1,0.7,0.2,R
400,R,SR,SSR,0.4,0.1,0.5,0,0,tie,R,RR,PRR,0.2,0.7,0.1,P
401,P,RP,SRP,0.3,0.2,0.5,0,0,tie,P,RP,RRP,0.2,0.8,0.0,S
402,S,PS,RPS,0.2,0.2,0.6,1,0,win,P,PP,RPP,0.2,0.8,0.0,R
403,R,SR,PSR,0.3,0.1,0.6,0,0,tie,R,PR,PPR,0.3,0.7,0.0,S
404,S,RS,SRS,0.3,0.1,0.6,1,0,win,P,RP,PRP,0.3,0.7,0.0,S
405,S,SS,RSS,0.2,0.1,0.7,0,1,lose,R,PR,RPR,0.4,0.6,0.0,R
406,R,SR,SSR,0.3,0.1,0.6,0,0,tie,R,RR,PRR,0.5,0.5,0.0,R
407,R,RR,SRR,0.4,0.1,0.5,0,0,tie,R,RR,RRR,0.6,0.4,0.0,R
408,R,RR,RRR,0.5,0.1,0.4,0,1,lose,P,RP,RRP,0.6,0.4,0.0,P
409,P,RP,RRP,0.5,0.2,0.3,0,0,tie,P,PP,RPP,0.5,0.5,0.0,S
410,S,PS,RPS,0.4,0.2,0.4,1,0,win,P,PP,PPP,0.4,0.6,0.0,R
411,R,SR,PSR,0.5,0.1,0.4,0,0,tie,R,PR,PPR,0.5,0.5,0.0,R
412,R,RR,SRR,0.6,0.1,0.3,0,1,lose,P,RP,PRP,0.5,0.5,0.0,P
413,P,RP,RRP,0.5,0.2,0.3,0,0,tie,P,PP,RPP,0.4,0.6,0.0,S
414,S,PS,RPS,0.5,0.2,0.3,1,0,win,P,PP,PPP,0.4,0.6,0.0,P
415,P,SP,PSP,0.5,0.3,0.2,0,0,tie,P,PP,PPP,0.3,0.7,0.0,S
416,S,PS,SPS,0.4,0.3,0.3,1,0,win,P,PP,PPP,0.2,0.8,0.0,R
417,R,SR,PSR,0.4,0.3,0.3,0,0,tie,R,PR,PPR,0.2,0.8,0.0,P
418,P,RP,SRP,0.3,0.4,0.3,0,0,tie,P,RP,PRP,0.2,0.8,0.0,S
419,S,PS,RPS,0.3,0.3,0.4,1,0,win,P,PP,RPP,0.2,0.8,0.0,R
420,R,SR,PSR,0.4,0.3,0.3,0,0,tie,R,PR,PPR,0.3,0.7,0.0,R
421,R,RR,SRR,0.4,0.3,0.3,0,1,lose,P,RP,PRP,0.2,0.8,0.0,R
422,R,RR,RRR,0.4,0.3,0.3,0,0,tie,R,PR,RPR,0.3,0.7,0.0,P
423,P,RP,RRP,0.4,0.3,0.3,1,0,win,R,RR,PRR,0.4,0.6,0.0,P
424,P,PP,RPP,0.4,0.4,0.2,2,0,win,R,RR,RRR,0.5,0.5,0.0,P
425,P,PP,PPP,0.4,0.4,0.2,3,0,win,R,RR,RRR,0.6,0.4,0.0,P
426,P,PP,PPP,0.4,0.5,0.1,4,0,win,R,RR,RRR,0.7,0.3,0.0,R
427,R,PR,PPR,0.4,0.5,0.1,5,0,win,S,RS,RRS,0.6,0.3,0.1,R
428,R,RR,PRR,0.5,0.4,0.1,6,0,win,S,SS,RSS,0.6,0.2,0.2,R
429,R,RR,RRR,0.6,0.4,0.0,0,0,tie,R,SR,SSR,0.7,0.1,0.2,P
430,P,RP,RRP,0.5,0.5,0.0,1,0,win,R,RR,SRR,0.7,0.1,0.2,P
431,P,PP,RPP,0.4,0.6,0.0,2,0,win,R,RR,RRR,0.8,0.0,0.2,P
432,P,PP,PPP,0.3,0.7,0.0,0,1,lose,S,RS,RRS,0.7,0.0,0.3,R
433,R,PR,PPR,0.4,0.6,0.0,1,0,win,S,SS,RSS,0.6,0.0,0.4,P
434,P,RP,PRP,0.4,0.6,0.0,2,0,win,R,SR,SSR,0.6,0.0,0.4,P
435,P,PP,RPP,0.4,0.6,0.0,3,0,win,R,RR,SRR,0.6,0.0,0.4,P
436,P,PP,PPP,0.4,0.6,0.0,4,0,win,R,RR,RRR,0.6,0.0,0.4,P
437,P,PP,PPP,0.3,0.7,0.0,5,0,win,R,RR,RRR,0.7,0.0,0.3,P
438,P,PP,PPP,0.2,0.8,0.0,0,1,lose,S,RS,RRS,0.7,0.0,0.3,R
439,R,PR,PPR,0.2,0.8,0.0,1,0,win,S,SS,RSS,0.6,0.0,0.4,R
440,R,RR,PRR,0.3,0.7,0.0,2,0,win,S,SS,SSS,0.5,0.0,0.5,R
441,R,RR,RRR,0.4,0.6,0.0,0,0,tie,R,SR,SSR,0.5,0.0,0.5,P
442,P,RP,RRP,0.4,0.6,0.0,1,0,win,R,RR,SRR,0.6,0.0,0.4,P
443,P,PP,RPP,0.3,0.7,0.0,2,0,win,R,RR,RRR,0.7,0.0,0.3,P
444,P,PP,PPP,0.3,0.7,0.0,3,0,win,R,RR,RRR,0.7,0.0,0.3,P
445,P,PP,PPP,0.3,0.7,0.0,0,1,lose,S,RS,RRS,0.6,0.0,0.4,P
446,P,PP,PPP,0.3,0.7,0.0,0,2,lose,S,SS,RSS,0.5,0.0,0.5,R
447,R,PR,PPR,0.4,0.6,0.0,1,0,win,S,SS,SSS,0.4,0.0,0.6,R
448,R,RR,PRR,0.5,0.5,0.0,0,0,tie,R,SR,SSR,0.5,0.0,0.5,P
449,P,RP,RRP,0.4,0.6,0.0,1,0,win,R,RR,SRR,0.6,0.0,0.4,P
450,P,PP,RPP,0.3,0.7,0.0,2,0,win,R,RR,RRR,0.7,0.0,0.3,P
451,P,PP,PPP,0.2,0.8,0.0,3,0,win,R,RR,RRR,0.7,0.0,0.3,P
452,P,PP,PPP,0.2,0.8,0.0,4,0,win,R,RR,RRR,0.7,0.0,0.3,P
453,P,PP,PPP,0.2,0.8,0.0,0,1,lose,S,RS,RRS,0.6,0.0,0.4,P
454,P,PP,PPP,0.2,0.8,0.0,0,2,lose,S,SS,RSS,0.5,0.0,0.5,R
455,R,PR,PPR,0.3,0.7,0.0,1,0,win,S,SS,SSS,0.5,0.0,0.5,R
456,R,RR,PRR,0.4,0.6,0.0,0,0,tie,R,SR,SSR,0.6,0.0,0.4,P
457,P,RP,RRP,0.3,0.7,0.0,1,0,win,R,RR,SRR,0.7,0.0,0.3,P
458,P,PP,RPP,0.2,0.8,0.0,2,0,win,R,RR,RRR,0.7,0.0,0.3,P
459,P,PP,PPP,0.2,0.8,0.0,0,1,lose,S,RS,RRS,0.6,0.0,0.4,P
460,P,PP,PPP,0.2,0.8,0.0,0,2,lose,S,SS,RSS,0.5,0.0,0.5,P
461,P,PP,PPP,0.2,0.8,0.0,0,3,lose,S,SS,SSS,0.4,0.0,0.6,R
462,R,PR,PPR,0.3,0.7,0.0,1,0,win,S,SS,SSS,0.3,0.0,0.7,R
463,R,RR,PRR,0.4,0.6,0.0,2,0,win,S,SS,SSS,0.3,0.0,0.7,R
464,R,RR,RRR,0.5,0.5,0.0,3,0,win,S,SS,SSS,0.3,0.0,0.7,R
465,R,RR,RRR,0.5,0.5,0.0,0,0,tie,R,SR,SSR,0.4,0.0,0.6,P
466,P,RP,RRP,0.4,0.6,0.0,1,0,win,R,RR,SRR,0.4,0.0,0.6,P
467,P,PP,RPP,0.4,0.6,0.0,2,0,win,R,RR,RRR,0.4,0.0,0.6,P
468,P,PP,PPP,0.4,0.6,0.0,3,0,win,R,RR,RRR,0.4,0.0,0.6,P
469,P,PP,PPP,0.4,0.6,0.0,4,0,win,R,RR,RRR,0.5,0.0,0.5,P
470,P,PP,PPP,0.4,0.6,0.0,0,1,lose,S,RS,RRS,0.5,0.0,0.5,P
471,P,PP,PPP,0.4,0.6,0.0,0,2,lose,S,SS,RSS,0.5,0.0,0.5,R
472,R,PR,PPR,0.4,0.6,0.0,1,0,win,S,SS,SSS,0.5,0.0,0.5,R
473,R,RR,PRR,0.4,0.6,0.0,2,0,win,S,SS,SSS,0.5,0.0,0.5,R
474,R,RR,RRR,0.4,0.6,0.0,0,0,tie,R,SR,SSR,0.6,0.0,0.4,P
475,P,RP,RRP,0.3,0.7,0.0,0,1,lose,S,RS,SRS,0.5,0.0,0.5,P
476,P,PP,RPP,0.3,0.7,0.0,1,0,win,R,SR,RSR,0.5,0.0,0.5,R
477,R,PR,PPR,0.4,0.6,0.0,0,0,tie,R,RR,SRR,0.5,0.0,0.5,P
478,P,RP,PRP,0.4,0.6,0.0,1,0,win,R,RR,RRR,0.5,0.0,0.5,S
479,S,PS,RPS,0.4,0.5,0.1,0,1,lose,R,RR,RRR,0.5,0.0,0.5,R
480,R,SR,PSR,0.5,0.4,0.1,0,2,lose,P,RP,RRP,0.5,0.1,0.4,S
481,S,RS,SRS,0.5,0.3,0.2,0,3,lose,R,PR,RPR,0.6,0.1,0.3,P
482,P,SP,RSP,0.4,0.4,0.2,1,0,win,R,RR,PRR,0.7,0.1,0.2,P
483,P,PP,SPP,0.3,0.5,0.2,2,0,win,R,RR,RRR,0.8,0.1,0.1,P
484,P,PP,PPP,0.2,0.6,0.2,3,0,win,R,RR,RRR,0.8,0.1,0.1,P
485,P,PP,PPP,0.2,0.6,0.2,4,0,win,R,RR,RRR,0.9,0.1,0.0,P
486,P,PP,PPP,0.2,0.6,0.2,0,1,lose,S,RS,RRS,0.8,0.1,0.1,P
487,P,PP,PPP,0.1,0.7,0.2,0,2,lose,S,SS,RSS,0.7,0.1,0.2,R
488,R,PR,PPR,0.2,0.6,0.2,1,0,win,S,SS,SSS,0.6,0.1,0.3,P
489,P,RP,PRP,0.2,0.7,0.1,0,1,lose,S,SS,SSS,0.5,0.1,0.4,S
490,S,PS,RPS,0.1,0.7,0.2,0,0,tie,S,SS,SSS,0.5,0.0,0.5,S
491,S,SS,PSS,0.1,0.7,0.2,1,0,win,P,SP,SSP,0.4,0.1,0.5,R
492,R,SR,SSR,0.2,0.6,0.2,0,1,lose,P,PP,SPP,0.3,0.2,0.5,P
493,P,RP,SRP,0.2,0.6,0.2,1,0,win,R,PR,PPR,0.3,0.2,0.5,R
494,R,PR,RPR,0.3,0.5,0.2,0,0,tie,R,RR,PRR,0.3,0.2,0.5,S
495,S,RS,PRS,0.3,0.4,0.3,0,1,lose,R,RR,RRR,0.3,0.2,0.5,R
496,R,SR,RSR,0.4,0.3,0.3,0,0,tie,R,RR,RRR,0.4,0.2,0.4,S
497,S,RS,SRS,0.4,0.2,0.4,0,1,lose,R,RR,RRR,0.5,0.2,0.3,P
498,P,SP,RSP,0.3,0.3,0.4,1,0,win,R,RR,RRR,0.6,0.2,0.2,P
499,P,PP,SPP,0.3,0.3,0.4,2,0,win,R,RR,RRR,0.7,0.2,0.1,S
500,S,PS,PPS,0.3,0.3,0.4,0,1,lose,R,RR,RRR,0.8,0.2,0.0,R
501,R,SR,PSR,0.4,0.3,0.3,0,2,lose,P,RP,RRP,0.8,0.2,0.0,P
502,P,RP,SRP,0.3,0.4,0.3,1,0,win,R,PR,RPR,0.9,0.1,0.0,P
503,P,PP,RPP,0.3,0.4,0.3,2,0,win,R,RR,PRR,0.9,0.1,0.0,S
504,S,PS,PPS,0.2,0.4,0.4,0,1,lose,R,RR,RRR,0.9,0.1,0.0,P
505,P,SP,PSP,0.2,0.5,0.3,0,0,tie,P,RP,RRP,0.8,0.2,0.0,S
506,S,PS,SPS,0.1,0.5,0.4,0,1,lose,R,PR,RPR,0.8,0.2,0.0,R
507,R,SR,PSR,0.2,0.5,0.3,0,2,lose,P,RP,PRP,0.7,0.3,0.0,R
508,R,RR,SRR,0.3,0.4,0.3,0,0,tie,R,PR,RPR,0.7,0.3,0.0,S
509,S,RS,RRS,0.3,0.3,0.4,0,1,lose,R,RR,PRR,0.7,0.3,0.0,S
510,S,SS,RSS,0.3,0.3,0.4,0,2,lose,R,RR,RRR,0.7,0.3,0.0,P
511,P,SP,SSP,0.2,0.4,0.4,1,0,win,R,RR,RRR,0.8,0.2,0.0,R
512,R,PR,SPR,0.3,0.3,0.4,0,0,tie,R,RR,RRR,0.8,0.2,0.0,R
513,R,RR,PRR,0.4,0.2,0.4,0,0,tie,R,RR,RRR,0.8,0.2,0.0,P
514,P,RP,RRP,0.4,0.3,0.3,1,0,win,R,RR,RRR,0.8,0.2,0.0,S
515,S,PS,RPS,0.4,0.2,0.4,0,1,lose,R,RR,RRR,0.9,0.1,0.0,P
516,P,SP,PSP,0.4,0.3,0.3,1,0,win,R,RR,RRR,0.9,0.1,0.0,S
517,S,PS,SPS,0.3,0.3,0.4,0,1,lose,R,RR,RRR,1.0,0.0,0.0,S
518,S,SS,PSS,0.2,0.3,0.5,0,2,lose,R,RR,RRR,1.0,0.0,0.0,S
519,S,SS,SSS,0.2,0.3,0.5,0,3,lose,R,RR,RRR,1.0,0.0,0.0,P
520,P,SP,SSP,0.2,0.4,0.4,1,0,win,R,RR,RRR,1.0,0.0,0.0,P
521,P,PP,SPP,0.2,0.4,0.4,2,0,win,R,RR,RRR,1.0,0.0,0.0,P
522,P,PP,PPP,0.1,0.5,0.4,0,1,lose,S,RS,RRS,0.9,0.0,0.1,P
523,P,PP,PPP,0.0,0.6,0.4,0,2,lose,S,SS,RSS,0.8,0.0,0.2,P
524,P,PP,PPP,0.0,0.6,0.4,0,3,lose,S,SS,SSS,0.7,0.0,0.3,S
525,S,PS,PPS,0.0,0.6,0.4,0,0,tie,S,SS,SSS,0.6,0.0,0.4,P
526,P,SP,PSP,0.0,0.6,0.4,0,1,lose,S,SS,SSS,0.5,0.0,0.5,R
527,R,PR,SPR,0.1,0.6,0.3,1,0,win,S,SS,SSS,0.4,0.0,0.6,P
528,P,RP,PRP,0.1,0.7,0.2,0,1,lose,S,SS,SSS,0.3,0.0,0.7,S
529,S,PS,RPS,0.1,0.7,0.2,0,0,tie,S,SS,SSS,0.2,0.0,0.8,R
530,R,SR,PSR,0.2,0.6,0.2,1,0,win,S,SS,SSS,0.1,0.0,0.9,R
531,R,RR,SRR,0.3,0.5,0.2,2,0,win,S,SS,SSS,0.0,0.0,1.0,S
532,S,RS,RRS,0.3,0.4,0.3,0,0,tie,S,SS,SSS,0.0,0.0,1.0,S
533,S,SS,RSS,0.3,0.3,0.4,1,0,win,P,SP,SSP,0.0,0.1,0.9,S
534,S,SS,SSS,0.3,0.2,0.5,0,0,tie,S,PS,SPS,0.0,0.1,0.9,R
535,R,SR,SSR,0.4,0.2,0.4,1,0,win,S,SS,PSS,0.0,0.1,0.9,R
536,R,RR,SRR,0.5,0.1,0.4,0,1,lose,P,SP,SSP,0.0,0.2,0.8,P
537,P,RP,RRP,0.4,0.2,0.4,0,2,lose,S,PS,SPS,0.0,0.2,0.8,R
538,R,PR,RPR,0.5,0.1,0.4,1,0,win,S,SS,PSS,0.0,0.2,0.8,R
539,R,RR,PRR,0.6,0.1,0.3,0,1,lose,P,SP,SSP,0.0,0.3,0.7,R
540,R,RR,RRR,0.6,0.1,0.3,0,2,lose,P,PP,SPP,0.0,0.4,0.6,P
541,P,RP,RRP,0.5,0.2,0.3,0,3,lose,S,PS,PPS,0.0,0.4,0.6,R
542,R,PR,RPR,0.6,0.2,0.2,0,4,lose,P,SP,PSP,0.0,0.5,0.5,S
543,S,RS,PRS,0.6,0.2,0.2,0,0,tie,S,PS,SPS,0.0,0.4,0.6,R
544,R,SR,RSR,0.7,0.2,0.1,0,1,lose,P,SP,PSP,0.0,0.5,0.5,R
545,R,RR,SRR,0.7,0.2,0.1,1,0,win,S,PS,SPS,0.0,0.5,0.5,S
546,S,RS,RRS,0.6,0.2,0.2,0,0,tie,S,SS,PSS,0.0,0.4,0.6,R
547,R,SR,RSR,0.7,0.1,0.2,0,1,lose,P,SP,SSP,0.0,0.5,0.5,R
548,R,RR,SRR,0.7,0.1,0.2,1,0,win,S,PS,SPS,0.0,0.5,0.5,R
549,R,RR,RRR,0.7,0.1,0.2,2,0,win,S,SS,PSS,0.0,0.4,0.6,S
550,S,RS,RRS,0.6,0.1,0.3,0,0,tie,S,SS,SSS,0.0,0.3,0.7,R
551,R,SR,RSR,0.7,0.0,0.3,0,1,lose,P,SP,SSP,0.0,0.4,0.6,P
552,P,RP,SRP,0.6,0.1,0.3,1,0,win,R,PR,SPR,0.1,0.3,0.6,R
553,R,PR,RPR,0.7,0.1,0.2,0,1,lose,P,RP,PRP,0.1,0.4,0.5,S
554,S,RS,PRS,0.6,0.1,0.3,0,2,lose,R,PR,RPR,0.2,0.3,0.5,P
555,P,SP,RSP,0.5,0.2,0.3,0,0,tie,P,RP,PRP,0.2,0.4,0.4,R
556,R,PR,SPR,0.6,0.2,0.2,0,0,tie,R,PR,RPR,0.3,0.4,0.3,P
557,P,RP,PRP,0.5,0.3,0.2,1,0,win,R,RR,PRR,0.4,0.3,0.3,S
558,S,PS,RPS,0.4,0.3,0.3,2,0,win,P,RP,RRP,0.4,0.4,0.2,R
559,R,SR,PSR,0.4,0.3,0.3,3,0,win,S,PS,RPS,0.4,0.4,0.2,R
560,R,RR,SRR,0.5,0.3,0.2,0,1,lose,P,SP,PSP,0.4,0.5,0.1,R
561,R,RR,RRR,0.5,0.3,0.2,1,0,win,S,PS,SPS,0.4,0.4,0.2,S
562,S,RS,RRS,0.5,0.2,0.3,0,0,tie,S,SS,PSS,0.3,0.4,0.3,R
563,R,SR,RSR,0.5,0.2,0.3,0,1,lose,P,SP,SSP,0.3,0.4,0.3,S
564,S,RS,SRS,0.5,0.2,0.3,0,0,tie,S,PS,SPS,0.2,0.4,0.4,R
565,R,SR,RSR,0.6,0.1,0.3,0,1,lose,P,SP,PSP,0.2,0.4,0.4,S
566,S,RS,SRS,0.5,0.1,0.4,0,2,lose,R,PR,SPR,0.2,0.4,0.4,S
567,S,SS,RSS,0.5,0.0,0.5,1,0,win,P,RP,PRP,0.1,0.5,0.4,R
568,R,SR,SSR,0.6,0.0,0.4,0,0,tie,R,PR,RPR,0.2,0.4,0.4,S
569,S,RS,SRS,0.5,0.0,0.5,0,1,lose,R,RR,PRR,0.3,0.4,0.3,P
570,P,SP,RSP,0.4,0.1,0.5,0,0,tie,P,RP,RRP,0.3,0.4,0.3,S
571,S,PS,SPS,0.3,0.1,0.6,0,1,lose,R,PR,RPR,0.4,0.4,0.2,S
572,S,SS,PSS,0.3,0.1,0.6,0,2,lose,R,RR,PRR,0.5,0.4,0.1,R
573,R,SR,SSR,0.3,0.1,0.6,0,0,tie,R,RR,RRR,0.6,0.3,0.1,R
574,R,RR,SRR,0.4,0.1,0.5,0,0,tie,R,RR,RRR,0.7,0.3,0.0,R
575,R,RR,RRR,0.4,0.1,0.5,0,1,lose,P,RP,RRP,0.7,0.3,0.0,P
576,P,RP,RRP,0.4,0.2,0.4,0,2,lose,S,PS,RPS,0.6,0.3,0.1,R
577,R,PR,RPR,0.5,0.2,0.3,0,3,lose,P,SP,PSP,0.6,0.3,0.1,S
578,S,RS,PRS,0.4,0.2,0.4,0,4,lose,R,PR,SPR,0.6,0.3,0.1,P
579,P,SP,RSP,0.4,0.3,0.3,0,0,tie,P,RP,PRP,0.5,0.4,0.1,P
580,P,PP,SPP,0.4,0.3,0.3,1,0,win,R,PR,RPR,0.6,0.3,0.1,S
581,S,PS,PPS,0.4,0.3,0.3,0,0,tie,S,RS,PRS,0.5,0.3,0.2,R
